<?xml version="1.0" encoding="UTF-8" standalone="yes"?>
<OfficeApp xmlns="http://schemas.microsoft.com/office/appforoffice/1.1" xmlns:xsi="http://www.w3.org/2001/XMLSchema-instance" xmlns:bt="http://schemas.microsoft.com/office/officeappbasictypes/1.0" xmlns:ov="http://schemas.microsoft.com/office/taskpaneappversionoverrides" xsi:type="TaskPaneApp">
  <Id>047efdbe-f199-468f-9e50-b822ef1bfda4</Id>
  <Version>1.0.0.0</Version>
  <ProviderName>Booden.net</ProviderName>
  <DefaultLocale>en-US</DefaultLocale>
  <DisplayName DefaultValue="Word Dynamics Add-In (Dev)"/>
  <Description DefaultValue="Word Dynamics Add-In for adding Dynamics data into Word documents."/>
  <IconUrl DefaultValue="https://[your_url]/assets/icon-32.png"/>
  <HighResolutionIconUrl DefaultValue="https://[your_url]/assets/icon-64.png"/>
  <SupportUrl DefaultValue="https://booden.net/WordDynamicsAddIn.aspx"/>
  <Hosts>
    <Host Name="Document"/>
  </Hosts>
  <DefaultSettings>
    <SourceLocation DefaultValue="https://[your_url]/taskpane.html"/>
  </DefaultSettings>
  <Permissions>ReadWriteDocument</Permissions>
  <VersionOverrides xmlns="http://schemas.microsoft.com/office/taskpaneappversionoverrides" xsi:type="VersionOverridesV1_0">
    <Hosts>
      <Host xsi:type="Document">
        <DesktopFormFactor>
          <GetStarted>
            <Title resid="GetStarted.Title"/>
            <Description resid="GetStarted.Description"/>
            <LearnMoreUrl resid="GetStarted.LearnMoreUrl"/>
          </GetStarted>
          <ExtensionPoint xsi:type="PrimaryCommandSurface">
            <OfficeTab id="TabHome">
              <Group id="CommandsGroup">
                <Label resid="CommandsGroup.Label"/>
                <Icon>
                  <bt:Image size="16" resid="Icon.16x16"/>
                  <bt:Image size="32" resid="Icon.32x32"/>
                  <bt:Image size="80" resid="Icon.80x80"/>
                </Icon>
                <Control xsi:type="Button" id="TaskpaneButton">
                  <Label resid="TaskpaneButton.Label"/>
                  <Supertip>
                    <Title resid="TaskpaneButton.Label"/>
                    <Description resid="TaskpaneButton.Tooltip"/>
                  </Supertip>
                  <Icon>
                    <bt:Image size="16" resid="Icon.16x16"/>
                    <bt:Image size="32" resid="Icon.32x32"/>
                    <bt:Image size="80" resid="Icon.80x80"/>
                  </Icon>
                  <Action xsi:type="ShowTaskpane">
                    <TaskpaneId>DynamicsAddInButton</TaskpaneId>
                    <SourceLocation resid="Taskpane.Url"/>
                  </Action>
                </Control>
              </Group>
            </OfficeTab>
          </ExtensionPoint>
        </DesktopFormFactor>
      </Host>
    </Hosts>
    <Resources>
      <bt:Images>
        <bt:Image id="Icon.16x16" DefaultValue="https://[your_url]/assets/icon-16.png"/>
        <bt:Image id="Icon.32x32" DefaultValue="https://[your_url]/assets/icon-32.png"/>
        <bt:Image id="Icon.80x80" DefaultValue="https://[your_url]/assets/icon-80.png"/>
      </bt:Images>
      <bt:Urls>
        <bt:Url id="GetStarted.LearnMoreUrl" DefaultValue="https://go.microsoft.com/fwlink/?LinkId=276812"/>
        <bt:Url id="Taskpane.Url" DefaultValue="https://[your_url]/taskpane.html"/>
      </bt:Urls>
      <bt:ShortStrings>
        <bt:String id="GetStarted.Title" DefaultValue="Get started with the Word Dynamics Add-In!"/>
        <bt:String id="CommandsGroup.Label" DefaultValue="Add-In Group"/>
        <bt:String id="TaskpaneButton.Label" DefaultValue="Word Dynamics Add-In"/>
      </bt:ShortStrings>
      <bt:LongStrings>
        <bt:String id="GetStarted.Description" DefaultValue="Word Dynamics Add-In for adding Dynamics data into Word documents."/>
        <bt:String id="TaskpaneButton.Tooltip" DefaultValue="Click to Show a Taskpane"/>
      </bt:LongStrings>
    </Resources>
    <WebApplicationInfo>
      <Id>[your clientid]</Id>
      <Resource>api://[your_url]/[your clientid]</Resource>
      <Scopes>
        <Scope>access_as_user</Scope>
        <Scope>openid</Scope>
        <Scope>profile</Scope>
        <Scope>Files.ReadWrite</Scope>
        <Scope>User.Read</Scope>
      </Scopes>
    </WebApplicationInfo>
  </VersionOverrides>
</OfficeApp>
